word,image
twist,images/twist.jpg
chatter,images/chatter.jpg
pass by,images/passby.jpg
draw,images/draw.jpg
swift,images/swift.jpg
lace up,images/laceup.jpg
skate,images/skate.jpg
glide,images/glide.jpg
twirl,images/twirl.jpg
rink,images/rink.jpg
pat,images/pat.jpg
peer,images/peer.png
pick up,images/pickup.jpg
determined,images/determined.jpg
brush off,images/brushoff.jpg
shin,images/shin.jpg
all of a sudden,images/allofasudden.jpg
fall,images/fall.jpg
doze,images/doze.jpg
after all,images/afterall.jpg
drench,images/drench.jpg
slippery,images/slippery.jpg
thirst,images/thirst.jpg
stumble,images/stumble.jpg
startle,images/startle.jpg
dusk,images/dusk.jpg
relax,images/relax.jpg
scary,images/scary.jpg
friend,images/friend.jpg
lead,images/lead.jpg
spin,images/spin.jpg
jump,images/jump.jpg
boldly,images/boldly.jpg
